title,channel,likes
"The Devil - Official Trailer | Darshan, Rachana Rai | Prakash Veer | B Ajaneesh Loknath",Saregama Kannada,382576
Long Slide Game with Cow Elephant Gorilla Hippopotamus Tiger 3d Animal Game Funny 3d Animals,kuly luly,153553
2025 GC League | Group Red Day 3 | WATCHPARTY WITH SNAX,Snax Gaming,70505
Tu Mo Suna Chadhei - Video | New Odia Song | Rupa & Pintu | Humane Sagar & LP Ananya ,Saregama Odia,50472
Akhanda 2 Thaandavam Trailer | Nandamuri Balakrishna | Boyapati Sreenu | Thaman S,MS Talkies,16936
Titli : Sabba | Gur Sidhu (Official Video) New Punjabi Song 2025,Speed Records,14192
Doorbin and Carry Survive The AIRPLANE CRASH ON THE ISLAND in Minecraft!,Carry Depie,11020
Devil Trailer Review | Darshan Devil Trailer Review | The Devil Movie Trailer | D Boss,Newz Alert,9798
Video | मटन खाके बटन खोले | Chandan Chanchal | Matan Khake Batan Khole | New Bhojpuri Song 2025,Moons Music Bhojpuri,3254
Shaky ( Official #Video ) Sanju Rathod Ft. Isha Malviya | G-Spark | New #Marathi Songs 2025,ManishSamratVEVO,1527
